Index,Name
WORD1501,운전면허
WORD1502,골키퍼
WORD1503,구경
WORD1504,성토
WORD1505,권투
WORD1506,그립다
WORD1507,키우다
WORD1508,힘
WORD1509,망가지다
WORD1510,꿈
WORD1511,낚시
WORD1512,남매
WORD1513,운전면허정지
WORD1514,노래
WORD1515,놀다
WORD1516,누나
WORD1517,울보
WORD1518,여동생
WORD1519,상처
WORD1520,견제하다
WORD1521,견문
WORD1522,딸
WORD1523,유도
WORD1524,아내
WORD1525,마라톤
WORD1526,장녀
WORD1527,원한
WORD1528,엄마
WORD1529,썩다
WORD1530,바쁘다
WORD1531,남편
WORD1532,버릇
WORD1533,병
WORD1534,밥
WORD1535,부부
WORD1536,붓다
WORD1537,빗
WORD1538,죽다
WORD1539,사진기
WORD1540,생활
WORD1541,성공
WORD1542,자라다
WORD1543,세수
WORD1544,자다
WORD1545,수영
WORD1546,승부차기
WORD1547,시아버지
WORD1548,망신
WORD1549,시집
WORD1550,뚫다
WORD1551,면박
WORD1552,야구
WORD1553,똑똑하다
WORD1554,피곤
WORD1555,양치
WORD1556,오빠
WORD1557,출장
WORD1558,이사
WORD1559,들추어내다
WORD1560,아들딸
WORD1561,자살
WORD1562,8번째
WORD1563,맏형
WORD1564,테니스
WORD1565,할머니
WORD1566,할아버지
WORD1567,조상
WORD1568,조카
WORD1569,중독
WORD1570,연기
WORD1571,치매
WORD1572,탈
WORD1573,흩어지다
WORD1574,형
WORD1575,사별
WORD1576,환자
